{
  "id": "dnd5e-content-manager",
  "title": "DnD Content Manager",
  "version": "1.5.2",
  "compatibility": {
    "minimum": "13",
    "maximum": "13",
    "verified": "13.347"
  },
  "esmodules": [
    "scripts/dcm.mjs"
  ],
  "styles": [
    "styles/styles.css"
  ],
  "relationships": {
    "systems": [
      {
        "id": "dnd5e",
        "type": "system",
        "compatibility": {
          "minimum": "5.0",
          "verified": "5.1"
        }
      }
    ]
  },
  "description": "A content manager for DnD 5e in FoundryVTT that allows you to select and filter what options are available to your players",
  "authors": [
    {
      "name": "jennis0",
      "flags": {}
    }
  ],
  "url": "https://github.com/jennis0/dcm",
  "manifest": "https://raw.githubusercontent.com/jennis0/dcm/refs/heads/main/module.json",
  "download": "https://raw.githubusercontent.com/jennis0/dcm/refs/heads/main/module.zip",
  "changelog": "https://github.com/jennis0/dcm/blob/main/CHANGELOG.md",
  "packs": [
    {
      "name": "dcm-journals",
      "label": "DCM Journals",
      "path": "packs/dcm-journals",
      "type": "JournalEntry",
      "ownership": {
        "PLAYER": "OBSERVER",
        "ASSISTANT": "OWNER"
      },
      "system": "dnd5e"
    }
  ]
}