{
  "id": "dcm",
  "title": "DnD Content Manager",
  "version": "1.0.0",
  "compatibility": {
    "minimum": "12",
    "maximum": "12",
    "verified": "12"
  },
  "esmodules": [
    "scripts/dcm.mjs"
  ],
  "styles": [
    "styles/styles.css"
  ],
  "relationships": {
    "systems": [
      {
        "id": "dnd5e",
        "type": "system",
        "compatibility": {
          "minimum": "3.3",
          "verified": "4.1"
        }
      }
    ]
  },
  "description": "A content manager for DnD 5e in FoundryVTT that allows you to select and filter what options are available to your players",
  "authors": [
    {
      "name": "jennis0",
      "flags": {}
    }
  ],
  "url": "https://github.com/jennis0/dcm",
  "manifest": "https://raw.githubusercontent.com/jennis0/dcm/refs/heads/main/module.json",
  "download": "https://github.com/jennis0/dcm/releases/download/v0.1.0/module.zip",
  "changelog": "https://github.com/jennis0/dcm/blob/main/CHANGELOG.md"
}